City_ID,City,Lat,Lng,Max Temp,Humidity,Cloudiness,Wind Speed,Country,Date
0,Bredasdorp,-34.5322,20.0403,80.6,41,0,12.66,ZA,2021-02-02 14:05:26
1,Vaini,-21.2,-175.2,78.8,94,40,19.57,TO,2021-02-02 14:05:26
2,Teguldet,57.3064,88.1667,4.59,93,100,6.78,RU,2021-02-02 14:05:26
3,Butaritari,3.0707,172.7902,81.64,82,62,18.61,KI,2021-02-02 14:05:27
4,Atuona,-9.8,-139.0333,77.72,78,2,13.71,PF,2021-02-02 14:05:27
5,Olinala,17.8333,-98.85,53.69,72,0,2.82,MX,2021-02-02 14:05:27
6,Dikson,73.5069,80.5464,-19.53,82,64,13.49,RU,2021-02-02 14:05:27
7,Price,39.5994,-110.8107,26.6,74,1,2.44,US,2021-02-02 14:05:27
8,Port Alfred,-33.5906,26.891,75.0,76,0,11.99,ZA,2021-02-02 14:05:28
9,Carroll,39.5501,-77.0164,30.2,93,90,8.05,US,2021-02-02 14:05:28
10,Tuktoyaktuk,69.4541,-133.0374,-26.03,86,100,7.76,CA,2021-02-02 14:05:28
11,Yar-Sale,66.8333,70.8333,11.12,96,100,11.03,RU,2021-02-02 14:05:28
12,Muros,42.7762,-9.0603,57.99,93,100,7.0,ES,2021-02-02 14:05:28
13,Anupgarh,29.1911,73.2086,66.78,25,0,6.71,IN,2021-02-02 14:05:28
14,Along,28.1667,94.7667,55.65,53,0,2.48,IN,2021-02-02 14:05:28
15,East London,-33.0153,27.9116,77.0,61,20,20.71,ZA,2021-02-02 14:05:29
16,Hermanus,-34.4187,19.2345,86.0,36,0,5.01,ZA,2021-02-02 14:05:29
17,Dubti,11.7361,41.0853,91.92,17,0,15.28,ET,2021-02-02 14:05:29
18,Kapaa,22.0752,-159.319,68.0,100,90,5.75,US,2021-02-02 14:05:29
19,Barrow,71.2906,-156.7887,-23.8,76,1,11.5,US,2021-02-02 14:05:29
20,Geraldton,-28.7667,114.6,75.2,78,40,18.41,AU,2021-02-02 14:01:06
21,Ventspils,57.3894,21.5606,24.8,93,90,10.36,LV,2021-02-02 14:03:11
22,Kavieng,-2.5744,150.7967,79.36,89,100,19.06,PG,2021-02-02 14:05:30
23,Bambous Virieux,-20.3428,57.7575,84.2,70,75,11.5,MU,2021-02-02 14:05:30
24,Bluff,-46.6,168.3333,57.92,91,47,4.27,NZ,2021-02-02 14:01:09
25,Batagay-Alyta,67.8006,130.4114,-21.41,85,100,4.54,RU,2021-02-02 14:05:30
26,Caravelas,-17.7125,-39.2481,84.67,59,95,6.11,BR,2021-02-02 14:05:30
27,Altagracia De Orituco,9.8601,-66.3814,79.56,55,10,6.93,VE,2021-02-02 14:05:31
28,Rikitea,-23.1203,-134.9692,77.23,76,91,14.99,PF,2021-02-02 14:05:31
29,Alofi,-19.0595,-169.9187,77.0,94,100,6.91,NU,2021-02-02 14:05:31
30,Cape Town,-33.9258,18.4232,87.8,27,0,12.66,ZA,2021-02-02 14:05:31
31,Bani,18.2833,-70.3333,82.4,74,40,11.5,DO,2021-02-02 14:05:31
32,Oyem,1.5995,11.5793,89.47,48,40,0.34,GA,2021-02-02 14:05:32
33,Albany,42.6001,-73.9662,28.0,87,99,1.01,US,2021-02-02 14:05:21
34,Carutapera,-1.195,-46.02,87.31,59,96,10.96,BR,2021-02-02 14:05:32
35,Tommot,58.9564,126.2925,-28.19,79,100,11.52,RU,2021-02-02 14:05:32
36,Punta Arenas,-53.15,-70.9167,57.2,67,75,14.97,CL,2021-02-02 14:05:32
37,San Cristobal,7.7669,-72.225,87.8,33,40,23.02,VE,2021-02-02 14:05:32
38,Saskylakh,71.9167,114.0833,-20.88,85,100,17.72,RU,2021-02-02 14:05:33
39,Burns Lake,54.2331,-125.7533,24.8,86,100,3.44,CA,2021-02-02 14:05:33
40,Haines Junction,60.7522,-137.5108,-11.2,64,100,8.05,CA,2021-02-02 14:05:33
41,Semnan,35.5729,53.3971,47.98,49,0,1.95,IR,2021-02-02 14:05:18
42,Narsaq,60.9167,-46.05,24.8,74,75,4.61,GL,2021-02-02 14:05:33
43,Mago,53.2514,140.1822,-30.12,82,97,7.09,RU,2021-02-02 14:05:34
44,Tarancon,40.0085,-3.0073,53.6,87,75,9.22,ES,2021-02-02 14:05:34
45,Hilo,19.7297,-155.09,64.4,72,20,4.61,US,2021-02-02 14:02:47
46,Clyde River,70.4692,-68.5914,-25.6,68,1,4.61,CA,2021-02-02 14:05:34
47,Ushuaia,-54.8,-68.3,53.6,66,75,27.63,AR,2021-02-02 14:04:01
48,Faanui,-16.4833,-151.75,80.74,77,2,13.2,PF,2021-02-02 14:05:34
49,Mahebourg,-20.4081,57.7,84.2,70,75,11.5,MU,2021-02-02 14:05:35
50,Bantry,51.6833,-9.45,51.8,87,75,13.8,IE,2021-02-02 14:05:35
51,Kenora,49.8167,-94.4337,15.8,92,90,13.8,CA,2021-02-02 14:05:35
52,Sao Filipe,14.8961,-24.4956,76.57,62,11,13.47,CV,2021-02-02 14:05:35
53,Busselton,-33.65,115.3333,67.48,77,0,10.87,AU,2021-02-02 14:03:06
54,Deputatskiy,69.3,139.9,-22.92,88,100,5.41,RU,2021-02-02 14:05:35
55,Ribeira Grande,38.5167,-28.7,55.4,76,40,21.85,PT,2021-02-02 14:05:36
56,Kaoma,-14.7833,24.8,79.23,63,100,4.97,ZM,2021-02-02 14:05:36
57,Carnarvon,-24.8667,113.6333,78.8,100,90,10.36,AU,2021-02-02 14:04:08
58,Hobart,-42.8794,147.3294,57.2,67,90,8.05,AU,2021-02-02 14:05:36
59,Mar Del Plata,-38.0023,-57.5575,69.8,73,90,13.8,AR,2021-02-02 14:05:36
60,Nome,64.5011,-165.4064,12.2,52,20,24.16,US,2021-02-02 14:05:36
61,San Patricio,28.017,-97.5169,42.8,81,75,5.75,US,2021-02-02 14:05:36
62,Lavrentiya,65.5833,-171.0,4.87,90,100,22.62,RU,2021-02-02 14:05:37
63,Airai,-8.9266,125.4092,62.29,100,100,1.45,TL,2021-02-02 14:05:37
64,Abu Dhabi,24.4667,54.3667,73.4,56,0,11.5,AE,2021-02-02 14:01:53
65,Nedjo,9.5046,35.5019,77.7,27,99,4.03,ET,2021-02-02 14:05:37
66,Namibe,-15.1961,12.1522,80.6,57,20,11.5,AO,2021-02-02 14:05:38
67,Polovinnoye,54.7914,65.9864,25.92,97,100,19.06,RU,2021-02-02 14:05:38
68,Socorro,31.6546,-106.3033,46.0,39,75,5.75,US,2021-02-02 14:05:38
69,Flin Flon,54.7682,-101.865,19.4,93,90,5.75,CA,2021-02-02 14:05:38
70,Port Augusta,-32.5,137.7667,66.2,68,0,12.66,AU,2021-02-02 14:05:38
71,Moshi,-3.35,37.3333,86.7,33,94,10.11,TZ,2021-02-02 14:05:39
72,Westport,41.1415,-73.3579,34.0,94,100,1.01,US,2021-02-02 14:05:39
73,Hamilton,39.1834,-84.5333,21.99,68,1,10.36,US,2021-02-02 14:05:39
74,Hutchinson,38.0608,-97.9298,35.6,75,1,13.8,US,2021-02-02 14:04:23
75,Iqaluit,63.7506,-68.5145,-20.0,69,40,4.21,CA,2021-02-02 14:05:39
76,Muroto,33.2833,134.15,46.42,56,0,15.9,JP,2021-02-02 14:05:39
77,Marsh Harbour,26.5412,-77.0636,58.3,74,54,30.85,BS,2021-02-02 14:05:22
78,Ambanja,-13.6833,48.45,91.4,82,75,4.61,MG,2021-02-02 14:05:40
79,Ahipara,-35.1667,173.1667,59.54,89,13,3.18,NZ,2021-02-02 14:05:40
80,Mataura,-46.1927,168.8643,53.51,90,51,1.88,NZ,2021-02-02 14:05:40
81,Eugene,44.0521,-123.0867,44.6,87,90,11.5,US,2021-02-02 14:03:43
82,Toora-Khem,52.4675,96.11,-1.84,88,97,0.85,RU,2021-02-02 14:05:40
83,Burnie,-41.0667,145.9167,59.0,82,74,5.01,AU,2021-02-02 14:05:41
84,Beloha,-25.1667,45.05,91.62,46,1,15.61,MG,2021-02-02 14:05:41
85,Padang,-0.9492,100.3543,78.8,89,40,2.3,ID,2021-02-02 14:05:41
86,Kismayo,-0.3582,42.5454,80.22,70,5,19.24,SO,2021-02-02 14:05:41
87,Cherskiy,68.75,161.3,4.55,85,95,6.58,RU,2021-02-02 14:05:41
88,Bengkulu,-3.8004,102.2655,79.27,85,100,3.36,ID,2021-02-02 14:05:41
89,Ancud,-41.8697,-73.8203,64.4,63,0,8.05,CL,2021-02-02 14:05:42
90,Ilula,-7.6766,36.0366,73.33,75,51,4.34,TZ,2021-02-02 14:05:42
91,Sorrento,40.626,14.3744,62.01,82,40,4.61,IT,2021-02-02 14:05:42
92,Saint-Philippe,-21.3585,55.7679,86.0,70,90,12.66,RE,2021-02-02 14:05:42
93,Yeppoon,-23.1333,150.7333,77.0,78,75,5.75,AU,2021-02-02 14:05:42
94,Leirvik,59.7798,5.5005,32.0,77,67,5.01,NO,2021-02-02 14:05:42
95,Chuy,-33.6971,-53.4616,82.72,59,0,2.01,UY,2021-02-02 14:05:43
96,Orapa,-21.2833,25.3667,80.96,63,95,16.62,BW,2021-02-02 14:05:43
97,Siocon,7.7061,122.1353,77.86,86,100,6.89,PH,2021-02-02 14:05:43
98,Port Elizabeth,-33.918,25.5701,75.2,64,0,19.57,ZA,2021-02-02 14:05:01
99,Dicabisagan,17.0818,122.4157,72.91,83,100,9.17,PH,2021-02-02 14:05:43
100,Ribeira Brava,32.65,-17.0667,63.0,78,56,8.01,PT,2021-02-02 14:05:44
101,Kodiak,57.79,-152.4072,28.4,50,90,9.22,US,2021-02-02 14:05:44
102,Mortka,59.3322,66.0214,18.93,97,100,7.76,RU,2021-02-02 14:05:44
103,Prainha,-1.8,-53.48,82.83,75,66,5.73,BR,2021-02-02 14:05:44
104,Lompoc,34.6391,-120.4579,46.0,100,90,3.44,US,2021-02-02 14:05:44
105,Leningradskiy,69.3833,178.4167,1.99,90,100,27.98,RU,2021-02-02 14:05:44
106,Los Llanos De Aridane,28.6585,-17.9182,68.0,77,90,4.61,ES,2021-02-02 14:05:44
107,Kahului,20.8947,-156.47,66.2,82,1,6.91,US,2021-02-02 14:05:45
108,Tazovskiy,67.4667,78.7,-3.33,91,100,14.65,RU,2021-02-02 14:05:45
109,Frankenburg,48.0684,13.4907,48.0,61,100,3.87,AT,2021-02-02 14:05:45
110,Vao,-22.6667,167.4833,75.88,87,100,35.43,NC,2021-02-02 14:05:45
111,Hasaki,35.7333,140.8333,41.0,48,75,3.44,JP,2021-02-02 14:05:45
112,Lima,-12.0432,-77.0282,73.99,83,40,5.75,PE,2021-02-02 14:02:03
113,Kaitangata,-46.2817,169.8464,56.08,88,87,3.2,NZ,2021-02-02 14:05:46
114,Okhotsk,59.3833,143.3,-18.09,88,100,12.44,RU,2021-02-02 14:05:46
115,Richards Bay,-28.783,32.0377,72.91,70,100,9.48,ZA,2021-02-02 14:05:46
116,Bhikangaon,21.8667,75.95,75.09,18,0,5.14,IN,2021-02-02 14:05:46
117,Farkhor,37.4922,69.4036,51.8,71,75,2.24,TJ,2021-02-02 14:05:46
118,Yellowknife,62.456,-114.3525,-11.2,77,90,13.8,CA,2021-02-02 14:05:47
119,Malamig,12.95,121.3667,74.1,85,89,8.37,PH,2021-02-02 14:05:47
120,Dawei,14.0833,98.2,75.34,72,11,3.2,MM,2021-02-02 14:05:47
121,Nikolskoye,59.7035,30.7861,27.0,86,75,6.71,RU,2021-02-02 14:05:47
122,Kutum,14.2,24.6667,88.14,13,0,9.24,SD,2021-02-02 14:05:47
123,Valparaiso,-33.0393,-71.6273,63.0,100,90,3.44,CL,2021-02-02 14:05:48
124,Avarua,-21.2078,-159.775,78.8,83,20,9.22,CK,2021-02-02 14:05:48
125,Tchollire,8.4022,14.1698,102.06,9,0,5.08,CM,2021-02-02 14:05:48
126,Cidreira,-30.1811,-50.2056,81.48,76,19,3.09,BR,2021-02-02 14:05:48
127,Atambua,-9.1061,124.8925,75.78,88,100,0.72,ID,2021-02-02 14:05:48
128,Lebu,-37.6167,-73.65,62.44,66,0,14.25,CL,2021-02-02 14:05:49
129,Jamestown,42.097,-79.2353,21.0,93,90,14.97,US,2021-02-02 14:05:28
130,Sao Jose Da Coroa Grande,-8.8978,-35.1478,84.07,63,46,12.21,BR,2021-02-02 14:05:49
131,Labytnangi,66.6572,66.4183,0.46,92,100,6.38,RU,2021-02-02 14:05:49
132,Qui Nhon,13.7667,109.2333,71.67,87,100,12.55,VN,2021-02-02 14:01:48
133,Tasiilaq,65.6145,-37.6368,17.6,93,90,1.14,GL,2021-02-02 14:05:49
134,Mount Isa,-20.7333,139.5,80.6,78,90,3.44,AU,2021-02-02 14:01:01
135,Kaeo,-35.1,173.7833,58.95,89,38,4.25,NZ,2021-02-02 14:05:50
136,Povenets,62.8487,34.8262,6.12,94,7,3.51,RU,2021-02-02 14:05:50
137,Punta De Bombon,-17.1717,-71.7931,71.78,70,95,5.28,PE,2021-02-02 14:05:50
138,Sioux Lookout,50.1001,-91.917,17.6,86,90,4.07,CA,2021-02-02 14:04:28
139,Copperas Cove,31.1241,-97.9031,41.0,60,1,5.84,US,2021-02-02 14:05:50
140,Kalofer,42.6167,24.9833,53.01,82,100,1.95,BG,2021-02-02 14:05:51
141,Ilulissat,69.2167,-51.1,-0.4,92,90,18.41,GL,2021-02-02 14:05:51
142,Sibu,2.3,111.8167,77.0,94,40,3.44,MY,2021-02-02 14:05:51
143,General Salgado,-20.6483,-50.3606,84.07,58,2,5.14,BR,2021-02-02 14:05:51
144,Rundu,-17.9333,19.7667,81.07,62,51,8.88,NA,2021-02-02 14:05:51
145,Esperance,-33.8667,121.9,73.4,53,100,11.5,AU,2021-02-02 14:05:51
146,Bethel,41.3712,-73.414,32.0,86,90,12.66,US,2021-02-02 14:05:52
147,Jos,9.9167,8.9,88.21,12,0,7.29,NG,2021-02-02 14:05:52
148,Sinnamary,5.3833,-52.95,78.94,86,56,13.53,GF,2021-02-02 14:05:52
149,Sile,41.1754,29.6133,63.0,63,75,5.75,TR,2021-02-02 14:05:52
150,Hambantota,6.1241,81.1185,80.6,89,20,11.5,LK,2021-02-02 14:05:52
151,Cabo San Lucas,22.8909,-109.9124,62.6,42,20,11.5,MX,2021-02-02 14:05:53
152,Ekhabi,53.5102,142.9671,-24.95,84,100,15.28,RU,2021-02-02 14:05:53
153,Blagoveshchenka,52.8333,79.8667,2.95,93,100,7.56,RU,2021-02-02 14:05:53
154,Tamorong,17.3333,120.4333,73.24,76,70,6.15,PH,2021-02-02 14:05:53
155,Amiens,49.9,2.3,54.0,82,75,13.8,FR,2021-02-02 14:03:25
156,Victoria,22.2855,114.1577,66.0,82,0,3.0,HK,2021-02-02 14:01:35
157,Brae,60.3964,-1.353,39.2,65,40,17.27,GB,2021-02-02 14:05:54
158,Saint George,37.1041,-113.5841,48.2,57,40,5.75,US,2021-02-02 14:05:54
159,Batemans Bay,-35.7167,150.1833,55.99,87,63,9.53,AU,2021-02-02 14:05:54
160,Dingle,10.9995,122.6711,75.31,90,86,8.01,PH,2021-02-02 14:05:54
161,Hithadhoo,-0.6,73.0833,83.48,67,100,3.29,MV,2021-02-02 14:05:54
162,Asau,46.4333,26.4,43.0,53,45,2.75,RO,2021-02-02 14:05:54
163,Middlebury,44.0153,-73.1673,24.01,93,90,12.66,US,2021-02-02 14:05:55
164,Aras,42.5617,-2.356,64.4,52,20,9.22,ES,2021-02-02 14:05:55
165,Sao Joao Da Barra,-21.6403,-41.0511,84.2,54,0,6.91,BR,2021-02-02 14:02:26
166,Xiamen,24.4798,118.0819,59.0,63,75,15.66,CN,2021-02-02 14:05:55
167,Grindavik,63.8424,-22.4338,35.6,69,75,23.02,IS,2021-02-02 14:02:25
168,Whitehorse,60.7161,-135.0538,-11.0,77,90,12.66,CA,2021-02-02 14:05:55
169,Douglas,41.3,-96.167,23.0,93,90,5.75,US,2021-02-02 14:05:56
170,Chokurdakh,70.6333,147.9167,4.55,93,97,13.94,RU,2021-02-02 14:05:56
171,Chirongui,-12.9319,45.1483,86.0,70,0,13.8,YT,2021-02-02 14:05:56
172,Komsomolskiy,40.4272,71.7189,48.2,53,82,4.61,UZ,2021-02-02 14:05:57
173,Lorengau,-2.0226,147.2712,82.29,79,100,16.78,PG,2021-02-02 14:05:57
174,Manga,11.6636,-1.0731,95.94,8,0,5.46,BF,2021-02-02 14:05:57
175,Aklavik,68.2191,-135.0107,-23.8,76,100,2.3,CA,2021-02-02 14:05:57
176,Sampit,-2.5333,112.95,76.55,93,100,1.95,ID,2021-02-02 14:05:57
177,Castro,-24.7911,-50.0119,78.82,62,0,5.5,BR,2021-02-02 14:05:57
178,Guerrero Negro,27.9769,-114.0611,58.6,62,94,3.4,MX,2021-02-02 14:05:58
179,Saldanha,-33.0117,17.9442,89.6,23,5,11.5,ZA,2021-02-02 14:05:58
180,Fairbanks,64.8378,-147.7164,-16.6,63,1,6.91,US,2021-02-02 14:05:04
181,Marmaris,36.855,28.2742,68.0,49,75,9.22,TR,2021-02-02 14:05:58
182,Sardarpur,22.678,74.9484,72.41,20,0,4.12,IN,2021-02-02 14:05:58
183,Mount Gambier,-37.8333,140.7667,57.2,72,90,11.5,AU,2021-02-02 14:05:58
184,Nanyamba,-10.6833,39.8333,86.31,64,97,1.45,TZ,2021-02-02 14:05:59
185,Pangnirtung,66.1451,-65.7125,-23.8,62,1,2.01,CA,2021-02-02 14:05:59
186,Salinopolis,-0.6136,-47.3561,83.25,74,48,12.21,BR,2021-02-02 14:02:44
187,Norman Wells,65.282,-126.8329,-16.6,69,75,13.8,CA,2021-02-02 14:05:59
188,Sikasso,10.9167,-7.0,99.41,8,0,5.03,ML,2021-02-02 14:05:59
189,Coahuayana,18.7333,-103.6833,69.8,64,1,3.51,MX,2021-02-02 14:05:59
190,Puerto Ayora,-0.7393,-90.3518,78.8,83,75,12.66,EC,2021-02-02 14:05:59
191,Arraial Do Cabo,-22.9661,-42.0278,86.0,54,0,13.8,BR,2021-02-02 14:06:00
192,Camp Diable,-20.4628,57.5789,84.2,70,75,11.5,MU,2021-02-02 14:06:00
193,Kontagora,10.3999,5.4695,100.81,8,0,4.72,NG,2021-02-02 14:06:00
194,Te Anau,-45.4167,167.7167,52.83,91,26,1.16,NZ,2021-02-02 14:06:00
195,Olinda,-8.0089,-34.8553,82.4,61,40,10.36,BR,2021-02-02 14:06:00
196,Boa Vista,2.8197,-60.6733,82.4,57,90,16.11,BR,2021-02-02 14:04:08
197,Qaanaaq,77.484,-69.3632,-3.17,82,100,4.63,GL,2021-02-02 14:06:01
198,Panzhihua,26.5851,101.7128,48.0,52,1,0.92,CN,2021-02-02 14:06:01
199,Maxixe,-23.8597,35.3472,82.4,83,75,8.05,MZ,2021-02-02 14:06:01
200,Nakama,33.8167,130.7,41.0,56,40,11.5,JP,2021-02-02 14:05:08
201,Giyon,8.5333,37.9833,80.73,16,52,8.08,ET,2021-02-02 14:06:02
202,Tashara,55.5195,83.5094,9.95,95,100,9.44,RU,2021-02-02 14:06:02
203,Touros,-5.1989,-35.4608,86.0,58,40,16.11,BR,2021-02-02 14:06:02
204,Nanortalik,60.1432,-45.2371,19.47,89,0,12.17,GL,2021-02-02 14:06:02
205,Padilla,3.2204,-76.3139,75.2,83,40,3.44,CO,2021-02-02 14:06:02
206,Henderson,36.0397,-114.9819,46.99,53,75,5.75,US,2021-02-02 14:01:10
207,Provideniya,64.3833,-173.3,4.5,91,100,17.27,RU,2021-02-02 14:06:03
208,Launceston,-41.45,147.1667,53.6,71,3,9.22,AU,2021-02-02 14:06:03
209,Kendal,54.3268,-2.7476,37.99,96,100,4.0,GB,2021-02-02 14:06:03
210,Arlit,18.7369,7.3853,88.23,9,0,4.21,NE,2021-02-02 14:06:04
211,Ville-Marie,47.3335,-79.433,1.4,85,90,9.22,CA,2021-02-02 14:06:04
212,Souillac,-20.5167,57.5167,84.2,70,75,11.5,MU,2021-02-02 14:06:04
213,Chapais,49.7834,-74.8492,21.2,93,90,4.61,CA,2021-02-02 14:06:04
214,Santa Maria,-29.6842,-53.8069,82.4,74,20,6.91,BR,2021-02-02 14:05:25
215,Guacimo,10.2104,-83.6807,70.0,68,20,17.27,CR,2021-02-02 14:06:04
216,Monroe,43.1501,-77.6831,26.01,86,90,11.5,US,2021-02-02 14:06:04
217,Show Low,34.2542,-110.0298,41.0,81,90,5.73,US,2021-02-02 14:06:05
218,Orje,59.4802,11.6602,25.0,88,28,1.99,NO,2021-02-02 14:06:05
219,Ponta Do Sol,32.6667,-17.1,63.0,64,55,5.99,PT,2021-02-02 14:06:05
220,Isabela,6.7085,121.9711,78.67,84,84,2.55,PH,2021-02-02 14:06:05
221,Mayor Pablo Lagerenza,-19.9309,-60.7718,87.48,60,56,10.45,PY,2021-02-02 14:06:05
222,New Norfolk,-42.7826,147.0587,57.0,68,77,1.41,AU,2021-02-02 14:06:06
223,Cervo,43.6702,-7.4101,57.0,91,100,1.01,ES,2021-02-02 14:06:06
224,Chiang Rai,19.9167,99.9167,69.8,73,0,3.44,TH,2021-02-02 14:06:06
225,Cheyenne,41.14,-104.8203,37.99,35,1,13.8,US,2021-02-02 14:06:06
226,Talnakh,69.4865,88.3972,-13.49,84,100,7.2,RU,2021-02-02 14:06:06
227,Lagoa,39.05,-27.9833,55.11,69,69,31.41,PT,2021-02-02 14:06:06
228,Fortuna,40.5982,-124.1573,46.99,100,90,2.84,US,2021-02-02 14:06:06
229,Poya,-21.35,165.15,70.86,89,100,15.48,NC,2021-02-02 14:06:07
230,Erzin,36.9559,36.2,66.99,52,100,7.81,TR,2021-02-02 14:06:07
231,Phan Thiet,10.9333,108.1,72.45,81,40,8.88,VN,2021-02-02 14:04:20
232,Tiksi,71.6872,128.8694,-0.92,93,100,17.67,RU,2021-02-02 14:06:07
233,Rajapur,25.3833,81.15,63.36,37,0,5.93,IN,2021-02-02 14:06:07
234,Saint-Pierre,-21.3393,55.4781,86.0,70,90,12.66,RE,2021-02-02 14:06:07
235,Ayan,56.45,138.1667,-27.51,70,100,13.71,RU,2021-02-02 14:06:07
236,Vila Franca Do Campo,37.7167,-25.4333,59.0,63,40,27.63,PT,2021-02-02 14:06:08
237,Bosaso,11.2842,49.1816,77.0,73,20,11.5,SO,2021-02-02 14:06:08
238,Mongo,12.1844,18.693,97.12,9,0,9.42,TD,2021-02-02 14:06:08
239,Anori,-3.7728,-61.6442,73.9,98,100,4.03,BR,2021-02-02 14:06:08
240,Jalingo,8.8833,11.3667,102.52,9,0,6.11,NG,2021-02-02 14:06:08
241,Thompson,55.7435,-97.8558,14.0,92,90,7.83,CA,2021-02-02 14:06:09
242,Tuatapere,-46.1333,167.6833,55.81,92,21,4.32,NZ,2021-02-02 14:06:09
243,Buraydah,26.326,43.975,77.0,36,40,11.5,SA,2021-02-02 14:06:09
244,Khandyga,62.6667,135.6,-47.56,77,100,2.44,RU,2021-02-02 14:06:09
245,Flinders,-34.5833,150.8552,64.99,82,63,3.0,AU,2021-02-02 14:06:09
246,Kruisfontein,-34.0033,24.7314,84.99,45,0,7.0,ZA,2021-02-02 14:06:09
247,Ponta Delgada,37.7333,-25.6667,59.0,63,40,27.63,PT,2021-02-02 14:06:10
248,Bonavista,48.6499,-53.1147,27.0,86,65,6.08,CA,2021-02-02 14:06:10
249,Georgetown,5.4112,100.3354,82.4,78,20,4.61,MY,2021-02-02 14:01:27
250,Salalah,17.0151,54.0924,77.0,57,0,5.75,OM,2021-02-02 14:03:14
251,Umm Kaddadah,13.6017,26.6876,95.38,11,0,3.13,SD,2021-02-02 14:06:10
252,Suntar,62.1444,117.6319,-37.07,80,90,7.67,RU,2021-02-02 14:06:11
253,La Ronge,55.1001,-105.2842,17.6,86,100,3.44,CA,2021-02-02 14:06:11
254,Yulara,-25.2406,130.9889,86.0,23,0,10.36,AU,2021-02-02 14:06:11
255,Kemijarvi,66.7131,27.4306,5.99,94,1,3.4,FI,2021-02-02 14:06:11
256,Severo-Kurilsk,50.6789,156.125,28.18,91,15,16.58,RU,2021-02-02 14:06:12
257,La Palma,33.8464,-118.0467,55.99,100,1,2.98,US,2021-02-02 14:05:29
258,Griffith,41.5284,-87.4237,30.2,74,90,8.05,US,2021-02-02 14:06:12
259,Husavik,66.0449,-17.3389,15.8,67,0,9.22,IS,2021-02-02 14:06:12
260,Port Lincoln,-34.7333,135.8667,60.94,78,0,15.93,AU,2021-02-02 14:06:12
261,Seoul,37.5683,126.9778,24.8,79,75,9.22,KR,2021-02-02 14:05:12
262,Meulaboh,4.1363,96.1285,80.24,77,94,1.68,ID,2021-02-02 14:06:12
263,Terra Santa,-2.1042,-56.4869,82.11,78,89,5.06,BR,2021-02-02 14:06:13
264,Ostrovnoy,68.0531,39.5131,23.18,97,100,9.22,RU,2021-02-02 14:06:13
265,Trincomalee,8.5711,81.2335,79.47,79,90,18.52,LK,2021-02-02 14:06:13
266,Vahan,40.5755,45.3977,32.56,85,23,5.97,AM,2021-02-02 14:06:13
267,Palmer,42.1584,-72.3287,33.01,74,90,19.57,US,2021-02-02 14:04:58
268,Charlestown,-32.95,151.6667,71.01,82,23,9.22,AU,2021-02-02 14:06:13
269,Danville,36.586,-79.395,37.0,55,90,9.22,US,2021-02-02 14:03:06
270,Vila Velha,-20.3297,-40.2925,87.8,55,20,10.36,BR,2021-02-02 14:06:14
271,Marawi,7.9986,124.2928,73.99,93,87,3.0,PH,2021-02-02 14:06:14
272,Saint-Gaudens,43.0833,0.6667,66.2,48,0,4.61,FR,2021-02-02 14:06:14
273,Teya,60.3778,92.6267,-4.34,86,100,4.97,RU,2021-02-02 14:06:14
274,Manokwari,-0.8667,134.0833,78.12,82,100,7.25,ID,2021-02-02 14:06:15
275,Labuan,5.2767,115.2417,80.6,78,20,10.36,MY,2021-02-02 14:06:15
276,Boshnyakovo,49.6333,142.1667,-14.48,90,100,8.5,RU,2021-02-02 14:06:15
277,Slyudyanka,51.6594,103.7061,6.78,88,100,1.88,RU,2021-02-02 14:06:15
278,Rio Grande,-32.035,-52.0986,84.2,70,0,9.22,BR,2021-02-02 14:06:15
279,Ino,33.55,133.4333,37.27,76,12,6.64,JP,2021-02-02 14:06:16
280,Abu Samrah,35.3029,37.1841,61.07,48,60,10.33,SY,2021-02-02 14:06:16
281,Nishihara,26.1842,127.7558,62.6,55,20,10.36,JP,2021-02-02 14:06:16
282,San Carlos De Bariloche,-41.1456,-71.3082,64.4,52,75,3.44,AR,2021-02-02 14:06:16
283,La Asuncion,11.0333,-63.8628,78.58,70,28,13.65,VE,2021-02-02 14:04:59
284,Torbay,47.6666,-52.7314,28.99,80,90,5.75,CA,2021-02-02 14:06:16
285,Kifri,34.6959,44.9661,61.81,41,0,6.69,IQ,2021-02-02 14:06:17
286,Port Keats,-14.25,129.55,82.51,81,85,8.55,AU,2021-02-02 14:06:17
287,Ketchikan,55.3422,-131.6461,35.6,87,90,3.44,US,2021-02-02 14:06:03
288,Gamba,-2.65,10.0,84.38,70,92,9.46,GA,2021-02-02 14:06:17
289,Maracas,-13.4411,-40.4308,76.15,66,100,3.76,BR,2021-02-02 14:06:17
290,Sao Joao Do Piaui,-8.3581,-42.2467,92.23,42,73,4.92,BR,2021-02-02 14:06:17
291,Luwingu,-10.2621,29.9271,67.78,86,100,0.76,ZM,2021-02-02 14:06:18
292,Pochutla,15.7432,-96.4661,72.0,68,1,2.17,MX,2021-02-02 14:06:18
293,Opelousas,30.5335,-92.0815,35.01,93,1,3.58,US,2021-02-02 14:06:18
294,Mae Ramat,16.984,98.5166,71.11,39,5,1.72,TH,2021-02-02 14:06:18
295,Birin,26.8865,88.0718,47.23,69,0,3.76,NP,2021-02-02 14:06:18
296,Washington,47.5001,-120.5015,37.0,95,50,1.01,US,2021-02-02 14:05:56
297,Pinega,64.7001,43.3936,8.94,95,78,6.96,RU,2021-02-02 14:06:19
298,Makarov,48.6333,142.8,-13.68,82,0,4.7,RU,2021-02-02 14:06:19
299,Oudtshoorn,-33.5907,22.2014,78.8,44,0,8.05,ZA,2021-02-02 14:06:19
300,Khatanga,71.9667,102.5,-31.68,83,0,9.51,RU,2021-02-02 14:06:19
301,Sabancuy,18.9667,-91.1833,68.83,66,93,9.66,MX,2021-02-02 14:06:19
302,Surt,31.2089,16.5887,63.82,59,95,18.28,LY,2021-02-02 14:06:19
303,Lodja,-3.4833,23.4333,90.23,42,64,2.39,CD,2021-02-02 14:06:19
304,Byron Bay,-28.65,153.6167,68.0,94,75,9.22,AU,2021-02-02 14:06:20
305,Auki,-8.7676,160.7034,78.21,88,100,5.59,SB,2021-02-02 14:06:20
306,Seddon,-37.8068,144.8916,62.01,59,90,12.66,AU,2021-02-02 14:06:20
307,Barabinsk,55.3571,78.357,7.39,95,100,6.91,RU,2021-02-02 14:06:20
308,Tarakan,3.3,117.6333,76.19,87,100,9.37,ID,2021-02-02 14:06:20
309,Laguna De Perlas,12.3429,-83.6712,75.2,88,20,6.91,NI,2021-02-02 14:06:20
310,Hami,42.8,93.45,25.57,81,42,2.46,CN,2021-02-02 14:06:21
311,Galle,6.0367,80.217,78.94,81,74,4.65,LK,2021-02-02 14:02:29
312,Lewiston,44.1003,-70.2148,26.6,93,90,19.57,US,2021-02-02 14:05:52
313,Portland,45.5234,-122.6762,46.4,87,90,8.05,US,2021-02-02 14:03:00
314,Stornoway,58.2093,-6.3865,39.99,60,40,23.02,GB,2021-02-02 14:06:22
315,Suluq,31.6682,20.2521,63.72,50,13,11.41,LY,2021-02-02 14:06:22
316,Acajutla,13.5928,-89.8275,80.91,48,0,11.27,SV,2021-02-02 14:04:05
317,Pisco,-13.7,-76.2167,73.4,73,0,6.91,PE,2021-02-02 14:06:23
318,Tura,25.5198,90.2201,59.72,52,0,2.8,IN,2021-02-02 14:06:23
319,Campina Verde,-19.5356,-49.4864,84.31,52,87,7.4,BR,2021-02-02 14:06:23
320,Shenjiamen,29.9576,122.298,44.38,70,0,6.69,CN,2021-02-02 14:06:23
321,Pevek,69.7008,170.3133,8.31,92,100,7.81,RU,2021-02-02 14:06:23
322,Beringovskiy,63.05,179.3167,15.28,97,100,10.67,RU,2021-02-02 14:06:24
323,Margate,51.3813,1.3862,54.0,77,9,1.99,GB,2021-02-02 14:06:24
324,Donghai,22.9459,115.642,66.0,73,10,10.74,CN,2021-02-02 14:06:24
325,Puerto Escondido,15.85,-97.0667,73.4,100,1,4.61,MX,2021-02-02 14:04:31
326,Necochea,-38.5473,-58.7368,70.92,53,24,12.97,AR,2021-02-02 14:06:24
327,Nieuw Amsterdam,5.8833,-55.0833,82.99,78,40,9.22,SR,2021-02-02 14:06:24
328,Turukhansk,65.8167,87.9833,-2.78,91,100,14.47,RU,2021-02-02 14:06:24
329,Klyuchi,52.2667,79.1667,1.71,93,100,7.27,RU,2021-02-02 14:06:24
330,Naze,28.3667,129.4833,52.65,74,0,18.1,JP,2021-02-02 14:06:25
331,Morros,-9.4467,-46.3003,85.66,53,5,6.06,BR,2021-02-02 14:06:25
332,Alexander City,32.944,-85.9539,32.0,69,1,11.5,US,2021-02-02 14:06:25
333,Havoysund,70.9963,24.6622,28.4,80,75,23.02,NO,2021-02-02 14:06:25
334,Petropavlovka,50.6114,105.3196,-8.48,84,50,1.9,RU,2021-02-02 14:06:25
335,Chatham,51.3789,0.5279,54.0,83,25,5.99,GB,2021-02-02 14:06:23
336,Luderitz,-26.6481,15.1594,71.13,64,0,15.55,NA,2021-02-02 14:06:26
337,Florianopolis,-27.6146,-48.5012,86.0,74,20,5.75,BR,2021-02-02 14:06:26
338,Longyearbyen,78.2186,15.6401,21.2,86,75,8.05,SJ,2021-02-02 14:01:47
339,Becerril,9.7041,-73.2793,84.97,56,5,2.66,CO,2021-02-02 14:06:26
340,Tupik,54.4253,119.9327,-32.8,78,0,2.75,RU,2021-02-02 14:06:26
341,Plettenberg Bay,-34.0527,23.3716,73.63,61,0,10.47,ZA,2021-02-02 14:06:26
342,Alta Floresta,-9.8756,-56.0861,84.2,79,0,4.61,BR,2021-02-02 14:06:27
343,Walvis Bay,-22.9575,14.5053,75.2,60,31,12.66,NA,2021-02-02 14:06:27
344,Palm Coast,29.585,-81.2078,41.0,52,90,16.11,US,2021-02-02 14:06:27
345,Shihezi,44.3,86.0333,20.93,95,100,2.66,CN,2021-02-02 14:06:27
346,Biak,-0.9131,122.8766,77.97,79,99,4.88,ID,2021-02-02 14:06:27
347,Laiyang,36.9758,120.7136,28.99,50,0,2.08,CN,2021-02-02 14:06:27
348,Praia Da Vitoria,38.7333,-27.0667,55.99,76,20,27.0,PT,2021-02-02 14:06:27
349,Puri,19.8,85.85,75.2,43,0,3.44,IN,2021-02-02 14:06:28
350,Waingapu,-9.6567,120.2641,79.65,81,99,7.23,ID,2021-02-02 14:06:28
351,Namatanai,-3.6667,152.4333,78.4,85,100,5.17,PG,2021-02-02 14:06:28
352,Bloemfontein,-29.1211,26.214,60.8,94,90,10.36,ZA,2021-02-02 14:04:06
353,Kasangulu,-4.5911,15.1708,87.8,62,75,9.22,CD,2021-02-02 14:06:28
354,Kurumkan,54.3,110.3,-23.33,72,1,3.18,RU,2021-02-02 14:06:28
355,Rudnogorsk,57.2639,103.7519,-22.36,87,100,1.25,RU,2021-02-02 14:06:29
356,Inhambane,-23.865,35.3833,82.4,83,75,8.05,MZ,2021-02-02 14:06:29
357,Kloulklubed,7.0419,134.2556,78.8,89,75,4.61,PW,2021-02-02 14:06:29
358,Pergamino,-33.89,-60.5736,66.99,89,100,3.0,AR,2021-02-02 14:02:34
359,Bria,6.5423,21.9863,103.23,12,40,4.99,CF,2021-02-02 14:06:29
360,Selikhino,50.3672,137.4996,-20.34,85,100,11.18,RU,2021-02-02 14:06:29
361,Malko Tarnovo,41.9833,27.5333,55.4,88,40,8.05,BG,2021-02-02 14:06:30
362,Bridlington,54.0831,-0.1919,37.0,89,100,13.0,GB,2021-02-02 14:06:30
363,Madang,-5.2246,145.7966,77.86,87,100,8.7,PG,2021-02-02 14:06:30
364,Harrisburg,40.2737,-76.8844,32.0,74,90,10.36,US,2021-02-02 14:04:59
365,Sitka,57.0531,-135.33,33.8,60,90,3.44,US,2021-02-02 14:06:30
366,Gondar,12.6,37.4667,76.17,20,96,5.93,ET,2021-02-02 14:06:30
367,Santiago De Cuba,20.0247,-75.8219,71.6,83,20,13.8,CU,2021-02-02 14:06:31
368,Sao Gabriel Da Cachoeira,-0.1303,-67.0892,75.2,94,75,4.61,BR,2021-02-02 14:06:31
369,Preobrazheniye,42.9019,133.9064,-0.11,84,17,12.73,RU,2021-02-02 14:06:31
370,Rabo De Peixe,37.8,-25.5833,59.0,63,40,27.63,PT,2021-02-02 14:06:33
371,Isangel,-19.55,169.2667,80.6,89,90,14.97,VU,2021-02-02 14:06:34
372,Oshkosh,44.0247,-88.5426,28.4,74,90,9.22,US,2021-02-02 14:02:09
373,Ngunguru,-35.6167,174.5,61.65,79,31,1.7,NZ,2021-02-02 14:06:35
374,Leh,34.1667,77.5833,9.81,64,88,1.21,IN,2021-02-02 14:03:06
375,Puerto Carreno,6.189,-67.4859,86.5,50,93,10.56,CO,2021-02-02 14:06:35
376,Aykhal,66.0,111.5,-33.41,80,100,12.03,RU,2021-02-02 14:06:35
377,Veraval,20.9,70.3667,75.47,55,0,4.88,IN,2021-02-02 14:06:35
378,Kulhudhuffushi,6.6221,73.07,82.4,73,0,10.76,MV,2021-02-02 14:06:36
379,Orange Walk,17.8333,-88.8333,64.99,82,0,8.05,BZ,2021-02-02 14:06:36
380,Iquitos,-3.7481,-73.2472,78.8,83,75,4.61,PE,2021-02-02 14:04:46
381,Saint-Louis,16.3333,-15.0,95.31,8,0,11.32,SN,2021-02-02 14:02:09
382,Katsuura,35.1333,140.3,44.6,45,20,11.5,JP,2021-02-02 14:06:36
383,Tabas,33.5959,56.9244,66.2,19,0,2.3,IR,2021-02-02 14:06:37
384,Minab,27.1467,57.0801,75.2,43,0,9.22,IR,2021-02-02 14:06:38
385,Colombia,20.9881,-77.4297,66.2,59,20,13.8,CU,2021-02-02 14:04:32
386,Diego De Almagro,-26.3667,-70.05,69.85,38,94,4.47,CL,2021-02-02 14:06:38
387,Mangan,27.5167,88.5333,53.58,45,28,2.91,IN,2021-02-02 14:06:38
388,Motygino,58.1831,94.7592,-13.36,87,99,2.3,RU,2021-02-02 14:06:38
389,Chiny,49.7333,5.3333,51.01,94,62,4.0,BE,2021-02-02 14:06:38
390,Samarai,-10.6167,150.6667,81.5,80,100,13.29,PG,2021-02-02 14:06:38
391,Vardo,70.3705,31.1107,24.8,80,40,16.11,NO,2021-02-02 14:06:39
392,Dzhebariki-Khaya,62.2167,135.8,-46.82,76,100,2.55,RU,2021-02-02 14:06:39
393,Coos Bay,43.3665,-124.2179,45.0,93,75,8.05,US,2021-02-02 14:06:39
394,Lashio,22.9333,97.75,55.98,43,0,1.97,MM,2021-02-02 14:06:40
395,Labuhan,-6.8844,112.2051,79.63,84,100,12.33,ID,2021-02-02 14:06:40
396,Olafsvik,64.8945,-23.7142,37.6,73,100,20.42,IS,2021-02-02 14:06:40
397,Salamiyah,35.0113,37.0532,60.73,45,40,12.39,SY,2021-02-02 14:06:40
398,Pacific Grove,36.6177,-121.9166,53.01,87,90,6.78,US,2021-02-02 14:05:09
399,Koslan,63.4564,48.8989,15.13,96,99,6.62,RU,2021-02-02 14:06:40
400,Kangaba,11.9333,-8.4167,98.64,8,0,5.41,ML,2021-02-02 14:06:41
401,Trat,12.5,102.5,73.65,82,1,1.83,TH,2021-02-02 14:06:41
402,Waipawa,-41.4122,175.5153,57.2,82,38,2.3,NZ,2021-02-02 14:06:41
403,Hofn,64.2539,-15.2082,33.84,86,100,11.99,IS,2021-02-02 14:06:41
404,Mikhaylovskoye,51.8239,79.7172,3.47,94,63,7.14,RU,2021-02-02 14:06:41
405,Bouna,9.2667,-3.0,99.52,8,14,5.79,CI,2021-02-02 14:06:42
406,Cururupu,-1.8283,-44.8683,87.94,56,97,8.86,BR,2021-02-02 14:06:42
407,Shingu,33.7333,135.9833,40.26,69,0,9.98,JP,2021-02-02 14:06:42
408,Lichinga,-13.3128,35.2406,69.8,83,75,3.44,MZ,2021-02-02 14:06:42
409,Segou,13.4317,-6.2157,93.9,8,0,9.71,ML,2021-02-02 14:06:42
410,Qaqortoq,60.7167,-46.0333,24.8,74,75,4.61,GL,2021-02-02 14:06:42
411,Kodinsk,58.6881,99.1844,-15.07,86,100,2.71,RU,2021-02-02 14:06:42
412,Letterkenny,54.95,-7.7333,39.2,81,0,27.63,IE,2021-02-02 14:02:56
413,Palenque,17.5167,-91.9667,66.2,88,75,3.36,MX,2021-02-02 14:06:43
414,Belaya Gora,68.5333,146.4167,-13.22,90,100,7.45,RU,2021-02-02 14:06:43
415,Dalvik,65.9702,-18.5286,15.8,67,0,9.22,IS,2021-02-02 14:06:43
416,Klaksvik,62.2266,-6.589,35.6,87,40,9.22,FO,2021-02-02 14:06:11
417,Gushikawa,26.3544,127.8686,59.0,67,1,13.8,JP,2021-02-02 14:06:43
418,Vyazovaya,54.905,58.3561,31.68,97,100,12.53,RU,2021-02-02 14:06:44
419,Krasnoarmeysk,51.0239,45.6969,35.01,93,100,1.01,RU,2021-02-02 14:06:44
420,Gawler,-34.6,138.7333,61.0,69,0,4.0,AU,2021-02-02 14:06:44
421,Asyut,27.181,31.1837,73.4,38,0,6.91,EG,2021-02-02 14:06:44
422,Chesma,53.8111,60.6533,34.54,91,100,19.26,RU,2021-02-02 14:04:10
423,Tigil,57.8,158.6667,-6.05,91,91,4.16,RU,2021-02-02 14:06:45
424,San Juan,-31.5375,-68.5364,62.94,54,99,9.95,AR,2021-02-02 14:06:45
425,Winnemucca,40.973,-117.7357,28.4,80,1,3.96,US,2021-02-02 14:03:01
426,Upernavik,72.7868,-56.1549,-7.87,88,100,11.92,GL,2021-02-02 14:06:45
427,Ciochina,44.5833,27.0667,44.01,74,100,1.99,RO,2021-02-02 14:06:45
428,Santa Isabel Do Rio Negro,-0.4139,-65.0192,75.06,96,100,1.72,BR,2021-02-02 14:06:46
429,Pringsewu,-5.3582,104.9744,74.91,91,100,4.14,ID,2021-02-02 14:06:46
430,Saurimo,-9.6608,20.3916,76.91,80,100,5.75,AO,2021-02-02 14:06:46
431,Smithers,54.7804,-127.1743,24.8,93,90,3.44,CA,2021-02-02 14:06:46
432,Hwange,-18.3693,26.5019,83.44,65,47,3.42,ZW,2021-02-02 14:06:46
433,Watsa,3.0372,29.5355,96.06,13,0,7.34,CD,2021-02-02 14:06:47
434,Roros,62.5747,11.3842,-4.0,71,0,1.14,NO,2021-02-02 14:06:47
435,Jiuquan,39.7432,98.5174,25.09,67,0,1.48,CN,2021-02-02 14:06:47
436,Wanlaweyn,2.6185,44.8938,96.24,17,47,15.57,SO,2021-02-02 14:06:47
437,Nhulunbuy,-12.2333,136.7667,80.6,89,100,5.75,AU,2021-02-02 14:06:47
438,Umm Lajj,25.0213,37.2685,77.74,69,100,9.98,SA,2021-02-02 14:06:47
439,Lakshmipur,22.95,90.8333,66.49,42,0,8.39,BD,2021-02-02 14:06:47
440,Itabaianinha,-11.2739,-37.79,87.49,49,100,9.55,BR,2021-02-02 14:06:48
441,Mari-Turek,56.7895,49.6235,10.76,95,0,5.61,RU,2021-02-02 14:06:48
442,Emerald,-23.5333,148.1667,82.4,65,40,5.75,AU,2021-02-02 14:06:48
443,Susehri,40.1644,38.0867,33.71,87,100,2.68,TR,2021-02-02 14:06:48
444,Ornskoldsvik,63.2909,18.7153,6.8,92,90,5.75,SE,2021-02-02 14:06:48
445,Iberia,29.9502,-91.7507,39.2,81,1,6.91,US,2021-02-02 14:06:48
446,Amazar,53.858,120.875,-27.9,78,0,3.71,RU,2021-02-02 14:06:49
447,Udachnyy,66.4167,112.4,-29.54,81,100,17.52,RU,2021-02-02 14:02:05
448,Khani,41.9563,42.9566,66.2,24,0,2.3,GE,2021-02-02 14:06:49
449,Svobodnyy,51.4,128.1333,-22.52,84,100,6.98,RU,2021-02-02 14:06:49
450,Bourail,-21.5667,165.4833,70.3,91,100,17.52,NC,2021-02-02 14:06:49
451,Dingli,35.8614,14.3822,60.01,82,40,18.41,MT,2021-02-02 14:06:49
452,North Bay,46.3168,-79.4663,5.0,85,75,10.36,CA,2021-02-02 14:04:20
453,Rio Gallegos,-51.6226,-69.2181,62.6,48,0,18.41,AR,2021-02-02 14:06:50
454,College,64.8569,-147.8028,-16.6,68,1,5.75,US,2021-02-02 14:06:50
455,Utica,43.1009,-75.2327,26.01,86,90,3.44,US,2021-02-02 14:06:50
456,Alpena,45.0617,-83.4327,19.99,79,1,5.75,US,2021-02-02 14:05:04
457,Nemuro,43.3236,145.575,19.89,85,11,22.68,JP,2021-02-02 14:02:59
458,Dunedin,-45.8742,170.5036,59.0,91,9,5.01,NZ,2021-02-02 14:06:50
459,Sergach,55.5308,45.4661,11.66,95,47,4.38,RU,2021-02-02 14:06:50
460,Xudat,41.631,48.681,47.08,82,5,4.07,AZ,2021-02-02 14:06:51
461,Ewa Beach,21.3156,-158.0072,66.2,88,1,3.44,US,2021-02-02 14:06:42
462,Maravilha,-26.7608,-53.1725,79.0,70,39,3.02,BR,2021-02-02 14:06:51
463,Xuddur,4.1213,43.8894,91.76,17,32,14.41,SO,2021-02-02 14:06:52
464,Vila Nova De Milfontes,37.7238,-8.7828,61.0,55,31,4.0,PT,2021-02-02 14:06:47
465,Lyaskelya,61.7667,31.0167,13.46,95,94,0.47,RU,2021-02-02 14:06:52
466,Panique,12.4797,122.0153,78.57,81,97,21.43,PH,2021-02-02 14:06:52
467,Coihaique,-45.5752,-72.0662,59.0,67,20,5.75,CL,2021-02-02 14:02:42
468,Charters Towers,-20.1,146.2667,75.04,79,25,9.1,AU,2021-02-02 14:06:52
469,Jalu,29.0331,21.5482,70.25,27,40,12.73,LY,2021-02-02 14:06:53
470,Mahajanga,-15.7167,46.3167,89.6,66,20,12.66,MG,2021-02-02 14:06:53
471,Flagstaff,35.1981,-111.6513,37.99,100,90,3.44,US,2021-02-02 14:06:53
472,Businga,3.3333,20.8833,98.37,26,60,3.11,CD,2021-02-02 14:06:53
473,Ambon,-3.6954,128.1814,80.6,83,40,5.75,ID,2021-02-02 14:06:53
474,Sarangani,5.4033,125.4636,82.44,77,83,16.06,PH,2021-02-02 14:06:53
475,Port-Gentil,-0.7193,8.7815,87.8,74,40,10.36,GA,2021-02-02 14:06:53
476,Kalmunai,7.4167,81.8167,78.55,82,43,14.58,LK,2021-02-02 14:06:54
477,Hongjiang,27.11,109.9956,48.96,87,96,4.03,CN,2021-02-02 14:06:54
478,Constitucion,-35.3333,-72.4167,66.27,67,10,4.09,CL,2021-02-02 14:06:54
479,Akyab,20.15,92.9,69.42,63,0,14.41,MM,2021-02-02 14:06:54
480,Jabinyanah,35.035,10.9081,71.6,33,20,13.8,TN,2021-02-02 14:06:54
481,Juneau,58.3019,-134.4197,15.8,79,40,3.44,US,2021-02-02 14:06:55
482,Inuvik,68.3499,-133.7218,-23.8,76,100,2.3,CA,2021-02-02 14:06:55
483,Razdolnoye,43.55,131.9167,-2.2,35,59,6.71,RU,2021-02-02 14:06:55
484,Riyadh,24.6877,46.7219,77.0,19,0,5.75,SA,2021-02-02 14:06:05
485,Banda Aceh,5.5577,95.3222,79.23,82,100,14.45,ID,2021-02-02 14:05:54
486,Kibala,9.1104,18.3463,102.2,8,0,6.91,TD,2021-02-02 14:06:56
487,Anaco,9.4389,-64.4728,81.77,50,96,12.01,VE,2021-02-02 14:06:56
488,Gorokhovets,56.1947,42.7003,15.8,86,0,4.47,RU,2021-02-02 14:06:56
489,Sabha,27.0377,14.4283,68.83,28,54,18.28,LY,2021-02-02 14:06:56
490,Sola,-13.8833,167.55,81.82,80,64,32.21,VU,2021-02-02 14:06:56
491,Kiama,-34.6833,150.8667,64.99,82,72,3.0,AU,2021-02-02 14:05:12
492,San Quintin,30.4833,-115.95,60.58,70,100,7.38,MX,2021-02-02 14:06:56
493,Sanjwal,33.7608,72.4336,60.01,52,94,1.99,PK,2021-02-02 14:06:57
494,Dudinka,69.4058,86.1778,-6.07,89,100,11.99,RU,2021-02-02 14:06:57
495,Togane,35.55,140.3667,41.0,48,75,3.44,JP,2021-02-02 14:06:57
496,Sars,56.5502,57.1366,24.4,99,100,6.42,RU,2021-02-02 14:06:57
497,Porto Novo,6.4965,2.6036,89.6,70,40,12.66,BJ,2021-02-02 14:06:57
498,Hobyo,5.3505,48.5268,78.21,61,100,22.01,SO,2021-02-02 14:06:12
499,Broome,42.2506,-75.833,27.0,88,100,4.0,US,2021-02-02 14:06:58
500,Port Hedland,-20.3167,118.5667,82.4,83,75,10.36,AU,2021-02-02 14:05:15
501,Peterhead,57.5058,-1.7981,39.2,65,90,16.11,GB,2021-02-02 14:06:58
502,Oksfjord,70.2396,22.3479,26.6,80,40,6.91,NO,2021-02-02 14:06:58
503,Aljezur,37.3191,-8.8033,61.0,55,29,4.0,PT,2021-02-02 14:06:58
504,Gizo,-8.103,156.8419,81.84,80,95,10.96,SB,2021-02-02 14:06:58
505,Taoudenni,22.6783,-3.9836,88.11,13,0,16.15,ML,2021-02-02 14:06:59
506,Laguna,38.421,-121.4238,52.0,87,90,4.61,US,2021-02-02 14:06:59
507,Vestmannaeyjar,63.4427,-20.2734,37.4,81,40,37.98,IS,2021-02-02 14:06:59
508,Kirakira,-10.4544,161.9205,77.56,87,100,7.49,SB,2021-02-02 14:06:59
509,Berga,60.392,5.328,28.99,86,75,3.44,NO,2021-02-02 14:06:59
510,Korla,41.7597,86.1469,28.81,78,100,3.62,CN,2021-02-02 14:06:59
511,Taltal,-25.4,-70.4833,69.28,62,20,6.17,CL,2021-02-02 14:06:59
512,Port Hardy,50.6996,-127.4199,42.8,100,90,3.44,CA,2021-02-02 14:07:00
513,San Policarpo,12.1791,125.5072,79.86,82,99,13.22,PH,2021-02-02 14:07:00
514,Stabat,3.761,98.4513,78.8,100,40,4.61,ID,2021-02-02 14:07:01
515,Saint-Francois,46.4154,3.9054,55.4,88,75,10.36,FR,2021-02-02 14:07:01
516,Kurilsk,45.2333,147.8833,16.41,87,78,19.51,RU,2021-02-02 14:07:01
517,Derzhavinsk,51.1,66.3167,20.17,96,100,14.81,KZ,2021-02-02 14:07:01
518,Harper,4.375,-7.7169,82.49,78,32,7.61,LR,2021-02-02 14:07:01
519,Port Blair,11.6667,92.75,79.16,78,0,13.71,IN,2021-02-02 14:07:02
520,Chudniv,50.052,28.1175,25.34,98,37,5.46,UA,2021-02-02 14:07:02
521,Kieta,-6.2167,155.6333,80.78,82,100,14.14,PG,2021-02-02 14:07:02
522,Acarau,-2.8856,-40.12,86.54,58,100,18.01,BR,2021-02-02 14:07:02
523,Mackay,-21.15,149.2,77.0,78,8,5.75,AU,2021-02-02 14:07:02
524,Teahupoo,-17.8333,-149.2667,77.0,83,20,3.44,PF,2021-02-02 14:07:04
525,Balaka,-14.9793,34.9558,82.47,74,10,4.68,MW,2021-02-02 14:07:04
526,Sooke,48.3746,-123.7276,44.6,81,96,11.5,CA,2021-02-02 14:07:04
527,Jinchang,38.4953,102.1739,28.81,61,0,7.27,CN,2021-02-02 14:07:04
528,Srednekolymsk,67.45,153.6833,-26.32,82,0,7.11,RU,2021-02-02 14:07:05
529,Denpasar,-8.65,115.2167,82.4,89,40,4.61,ID,2021-02-02 14:07:05
530,Lumphat,13.4878,106.9816,75.25,58,19,10.42,KH,2021-02-02 14:07:05
531,Oktyabrskoye,43.0645,44.7417,57.2,35,92,4.47,RU,2021-02-02 14:07:05
532,Skelleftea,64.7507,20.9528,6.8,85,75,5.75,SE,2021-02-02 14:07:06
533,Haverfordwest,51.8017,-4.9691,50.0,93,75,25.32,GB,2021-02-02 14:07:06
534,Singapore,1.2897,103.8501,80.6,78,40,8.05,SG,2021-02-02 14:07:06
535,Itacare,-14.2775,-38.9967,78.8,89,75,6.91,BR,2021-02-02 14:07:06
536,Sovetskiy,61.3614,63.5842,11.55,96,0,6.71,RU,2021-02-02 14:07:06
537,Kyzyl-Suu,42.3414,78.0056,28.0,87,41,6.78,KG,2021-02-02 14:07:06
538,Belmonte,-15.8631,-38.8828,84.2,65,40,6.91,BR,2021-02-02 14:07:07
539,Natal,-5.795,-35.2094,86.0,65,75,13.8,BR,2021-02-02 14:07:07
540,Makakilo City,21.3469,-158.0858,66.2,88,1,3.44,US,2021-02-02 14:07:08
541,Colares,38.7992,-9.4469,62.01,82,75,13.8,PT,2021-02-02 14:07:08
542,Saint-Michel-Des-Saints,46.6834,-73.9159,19.92,94,100,8.93,CA,2021-02-02 14:07:08
543,Port Hawkesbury,45.6169,-61.3485,30.99,93,90,17.27,CA,2021-02-02 14:07:11
544,Coquimbo,-29.9533,-71.3436,60.8,82,90,3.44,CL,2021-02-02 14:07:11
545,Foshan,23.0268,113.1315,75.99,60,20,6.71,CN,2021-02-02 14:06:03
546,Veracruz,19.3333,-96.6667,66.99,82,75,1.19,MX,2021-02-02 14:05:52
547,Torit,4.4133,32.5678,101.71,11,9,12.46,SS,2021-02-02 14:07:12
548,Townsville,-19.25,146.8,80.6,83,40,5.75,AU,2021-02-02 14:07:12
549,Codrington,-38.2667,141.9667,59.13,74,97,7.76,AU,2021-02-02 14:07:12
550,Menongue,-14.6585,17.691,79.95,59,65,1.52,AO,2021-02-02 14:07:12
551,Dali,25.7,100.1833,45.46,56,42,4.12,CN,2021-02-02 14:07:13
552,Khasan,42.4308,130.6434,6.06,84,0,19.35,RU,2021-02-02 14:07:13
553,San Jose,37.3394,-121.895,54.0,76,90,4.61,US,2021-02-02 14:07:13
554,Inta,66.0317,60.1659,16.95,96,100,16.37,RU,2021-02-02 14:07:13
555,Angoche,-16.2325,39.9086,86.16,64,0,11.95,MZ,2021-02-02 14:07:13
556,Berlevag,70.8578,29.0864,28.4,74,75,16.11,NO,2021-02-02 14:07:14
557,Apac,1.9756,32.5386,96.37,11,51,5.59,UG,2021-02-02 14:07:14
558,Venustiano Carranza,19.43,-99.0992,37.4,93,90,6.91,MX,2021-02-02 14:07:14
559,Moron,-34.6534,-58.6198,75.99,81,94,1.01,AR,2021-02-02 14:07:14
560,Poronaysk,49.2167,143.1167,-19.26,83,0,4.32,RU,2021-02-02 14:07:14
561,Semey,50.4111,80.2275,19.4,79,90,11.18,KZ,2021-02-02 14:07:15
562,Sinalunga,43.2152,11.7495,59.0,80,11,2.62,IT,2021-02-02 14:07:15
563,Oranjestad,12.524,-70.027,82.4,69,20,24.16,AW,2021-02-02 14:07:16
564,Chilca,-12.5211,-76.7372,73.99,73,0,5.75,PE,2021-02-02 14:07:16
565,Manggar,-2.8833,108.2667,80.02,82,85,11.45,ID,2021-02-02 14:07:16
566,Sao Paulo De Olivenca,-3.3783,-68.8725,77.49,90,97,2.17,BR,2021-02-02 14:07:16
567,Naryan-Mar,67.6713,53.087,6.58,94,98,18.34,RU,2021-02-02 14:07:16
568,Kerema,-7.9631,145.7785,78.62,82,100,11.01,PG,2021-02-02 14:07:17
569,Timon,-5.0942,-42.8367,89.6,55,40,5.75,BR,2021-02-02 14:07:17
570,Yahotyn,50.2798,31.7625,23.0,86,90,2.24,UA,2021-02-02 14:07:17
571,Oistins,13.0667,-59.5333,82.4,57,20,26.46,BB,2021-02-02 14:07:17
572,Azoyu,16.7167,-98.7333,72.79,47,0,3.31,MX,2021-02-02 14:07:17
573,Amursk,50.2261,136.8994,-20.65,85,100,10.98,RU,2021-02-02 14:07:17
574,Ulladulla,-35.35,150.4667,64.99,77,75,2.3,AU,2021-02-02 14:07:18
